MolLogP,MolMR,ExactMolWt,HeavyAtomCount,NumHAcceptors,NumHDonors,NumHeteroatoms,NumRotatableBonds,NumAromaticRings,NumAliphaticRings,RingCount,TPSA,LabuteASA,Kappa1,Kappa2,Kappa3,Chi0,Chi1,Chi0n,Chi1n,Chi2n,Chi3n,Chi4n,Chi0v,Chi1v,Chi2v,Chi3v,Chi4v,PEOE_VSA1,PEOE_VSA2,PEOE_VSA3,PEOE_VSA4,PEOE_VSA5,PEOE_VSA6,PEOE_VSA7,PEOE_VSA8,PEOE_VSA9,PEOE_VSA10,PEOE_VSA11,PEOE_VSA12,PEOE_VSA13,PEOE_VSA14,SMR_VSA1,SMR_VSA3,SMR_VSA4,SMR_VSA5,SMR_VSA6,SMR_VSA7,SMR_VSA9,SMR_VSA10,SlogP_VSA1,SlogP_VSA2,SlogP_VSA3,SlogP_VSA4,SlogP_VSA5,SlogP_VSA6,SlogP_VSA7,SlogP_VSA8,SlogP_VSA10,SlogP_VSA11,SlogP_VSA12,EState_VSA1,EState_VSA2,EState_VSA3,EState_VSA4,EState_VSA5,EState_VSA6,EState_VSA7,EState_VSA8,EState_VSA9,EState_VSA10,VSA_EState1,VSA_EState2,VSA_EState3,VSA_EState4,VSA_EState5,VSA_EState6,VSA_EState7,VSA_EState8,VSA_EState9,VSA_EState10,lig_vol
1.9837000000000011,138.0523,555.234566426,38,6,5,13,14,1,1,2,182.57,221.9109757376678,31.268836144128688,14.847450301945804,11.202446665198263,28.29431797206756,17.873231015267113,21.798077416475824,12.79696098348098,9.611371925125784,6.339540859042068,4.525602111188331,22.69250460747574,14.327257726821204,10.77510001240299,6.788194285155498,4.921946339977165,25.163761495415663,28.96497194179224,4.565048284931329,0.0,0.0,31.898114582465862,49.29737816648565,32.85489325736779,0.0,17.833193491579827,0.0,17.721539188054518,0.0,13.79200241108402,43.160294783276086,15.533486938863138,5.917906046161393,77.29772904108525,13.08951281182515,29.828919765543436,5.749511833283905,31.513541599138534,15.15732436972448,68.65729927732356,30.164018644144626,5.917906046161393,64.35667725156031,24.26546827384644,0.0,0.0,0.0,5.749511833283905,7.822697123132171,37.69004352808295,30.919156431413438,24.57087034968354,32.10410811463005,31.18920547353706,4.899909730850478,0.0,22.081061569415102,9.78682320550495,28.84972441605932,15.522944263714374,69.20290400104349,14.40175611162656,0.5557137771011054,-2.2393212270842255,3.4967409554306164,4.627995050255709,4.461509463151528,-4.7246868396836,0.0,443.63
